HeartRate,BloodPressure,AnomalyLabel
84.32877597085061,99.85243269307134,0.0
80.85432719063971,100.64561297955404,0.0
81.53649760438304,107.09725455811349,0.0
82.21909714073114,102.94988144241591,0.0
80.97044996449154,105.27909422302872,0.0
84.1784605603257,109.72485094949364,0.0
92.27650069955448,101.33825151785499,0.0
82.29590039614219,102.47843594409417,0.0
85.63282514773879,113.25796316582166,0.0
83.20421430633505,101.18125348772283,0.0
84.11272456051594,105.16813537700627,0.0
79.24107452482208,91.63794626896703,0.0
79.90491896048655,104.2348959927328,0.0
63.79366329965464,115.38755992446369,0.0
81.76027698257148,122.61921500713991,0.0
83.16959511159006,126.39116805444067,0.0
93.6008458329481,98.96410682784229,0.0
86.1890815598673,103.43105721028604,0.0
72.84929311019684,100.9609235853521,0.0
71.10639875547861,113.23079273116029,0.0
70.06215542699553,118.50221742113493,0.0
88.77670421221602,120.72507337309803,0.0
74.28514851084688,123.64140429973844,0.0
82.41236207621593,94.29499396376823,0.0
32.075800790000386,142.6067383745061,1.0
78.80525976566796,102.83177679397195,0.0
75.10618142108846,130.574954697117,0.0
79.87937456444999,123.17597535607959,0.0
77.64034067105283,108.14712341122292,0.0
76.61419144243945,124.90726136849952,0.0
78.32107650354936,110.24219456672758,0.0
82.2213165574302,107.41095026295923,0.0
37.35485158689389,155.42800169319963,1.0
93.16191032418695,123.73658545162958,0.0
72.88873145201163,119.3259083187309,0.0
80.83226104106528,111.598563919974,0.0
77.65412173947648,111.84680305864909,0.0
81.33525132934629,88.48184598670696,0.0
84.63088773765821,117.78361076166638,0.0
82.02025428407269,99.60094072874469,0.0
84.2882981160101,115.41462728204787,0.0
82.96550628984193,111.26379579546412,0.0
79.77206991822251,121.26050250772168,0.0
88.98843263424762,109.7347874075094,0.0
33.41883510924743,160.41772976591923,1.0
49.653974845911705,179.74669033178205,1.0
78.95938874821363,113.88578604530964,0.0
76.42348145370016,119.6387911679491,0.0
85.47095759235474,118.52773675122219,0.0
49.37570137626558,172.06374862164685,1.0
83.85432596943484,121.64739354457171,0.0
88.82727120140548,112.33785911790747,0.0
82.94158603242288,115.07991326912544,0.0
77.65262807032524,120.49552715319335,0.0
82.40504615868356,105.73642403794457,0.0
77.48262172941901,113.2876241030348,0.0
79.63994939209833,97.05318524279095,0.0
77.05317621527894,109.93929088460106,0.0
74.3863898921885,104.51275092259039,0.0
77.17960684631636,110.97983153470895,0.0
80.06296200390898,100.66732040926804,0.0
76.48411787437057,101.56753404683808,0.0
42.096594152746256,174.3076263088249,1.0
52.038844371688164,163.6948115779145,1.0
80.14878069747873,110.21311648671943,0.0
83.95831346981468,108.55912444278384,0.0
73.09949270892554,126.07345576019992,0.0
32.37275221433786,156.7441418785541,1.0
72.87625906893271,131.42270358611864,0.0
80.93227157384713,104.46411758292005,0.0
82.35734178567998,95.61722021682633,0.0
81.92032724469654,116.62881268667412,0.0
70.79562884334177,108.95550781462528,0.0
81.29941397124212,108.26928175716131,0.0
78.28656202959826,106.08241850956178,0.0
77.70319550229878,111.76441555277225,0.0
76.99146693885301,107.42623462576655,0.0
78.0333059383632,106.6618051024399,0.0
83.54501878794257,116.45215585950056,0.0
83.10336048775339,103.07579020126144,0.0
73.3988339648968,130.13387247526623,0.0
89.40578534720295,114.96699223236521,0.0
89.32887255572378,103.11849654822277,0.0
67.64177749936356,103.97787939638219,0.0
42.773769379581914,175.69208575796048,1.0
82.36916460455893,132.52435805344308,0.0
45.054701591666266,171.83628267482757,1.0
85.79664901682123,105.25096343377476,0.0
77.56196887963753,119.13584626233249,0.0
82.71680096189968,115.82097703468615,0.0
74.81376922836772,130.61503576636397,0.0
79.71527188139466,105.64513629430157,0.0
75.84524941794481,124.77530081055262,0.0
74.46737045629165,106.46833707189312,0.0
86.38832447894212,110.28181157369129,0.0
80.33764102343962,109.75645407739017,0.0
78.45226780343005,129.38928999058285,0.0
76.4782815472862,116.3472146856177,0.0
82.23854280008658,112.23238914129159,0.0
79.96013679341691,104.48141854107553,0.0
80.75196893238103,112.99292580406492,0.0
77.77853369961944,110.20793707675408,0.0
85.32740187532676,100.12820472848816,0.0
72.92314628974793,119.98010109859652,0.0
71.37541083743484,127.3596380316525,0.0
90.37700399322719,102.52788320852177,0.0
81.61359280169044,95.21088431225871,0.0
80.9330456157818,103.79152401748884,0.0
79.72852566741093,119.85729995679863,0.0
73.2007192951004,94.29123847931501,0.0
81.05508733601309,121.07080669286972,0.0
85.14577818662822,117.9994190194205,0.0
74.71144535522049,116.4719593970274,0.0
78.45393812074393,121.72729019259364,0.0
78.07722227885087,104.6729916033809,0.0
74.8674235029447,117.47910256117534,0.0
83.79484610246634,122.47742072673734,0.0
82.36298741206521,93.83689391563412,0.0
83.75693561685894,128.54092566334188,0.0
87.8276201461717,121.00959634998571,0.0
73.27774744482862,117.08214423256557,0.0
78.4541393826568,94.1586405699451,0.0
84.79635413042604,93.86438602123259,0.0
80.85684140594985,105.4111573713106,0.0
86.23042596248814,107.61067900830305,0.0
74.01061053705575,116.73181351269959,0.0
41.973157074055955,163.0351598449748,1.0
84.11585291980957,100.44877420650647,0.0
82.28376609576893,141.37748533659993,0.0
76.6153899984702,114.94030186282738,0.0
91.49449061809625,107.75144018191921,0.0
84.92161199238292,109.6677000935554,0.0
80.32140009547732,110.4381147197911,0.0
73.74443211807349,103.22255029475149,0.0
87.0467372009279,110.76851882958768,0.0
78.77128467957027,99.37606471853121,0.0
30.600968988911355,139.95625088437055,1.0
81.11066885816857,112.67126651011483,0.0
83.28276804316914,106.75168616491378,0.0
83.37409746083301,91.1815095450236,0.0
80.90933127529247,114.28816500330574,0.0
71.43432735454562,96.52873710470304,0.0
76.8759071115216,110.70052163113182,0.0
74.98735317681096,84.0895770785509,0.0
75.30060106836322,115.86364018755093,0.0
79.51970050137675,93.98034188102832,0.0
83.10904981108598,102.57529414301952,0.0
24.462412339839357,147.17026181911382,1.0
67.59660038911078,148.52796454206197,1.0
68.94432345496057,109.64358517702516,0.0
86.76936187082707,100.28385961489349,0.0
77.94061516938767,113.67365506816178,0.0
81.8433665443645,116.96954404510736,0.0
83.43130095187257,116.33776880932099,0.0
42.653623493996285,191.61081373136747,1.0
83.16465908877755,112.6032183877122,0.0
80.55461294854933,114.36323669674032,0.0
73.89578175014489,125.73986763290033,0.0
82.53637015553649,110.06422269810938,0.0
81.04431797502377,97.7423433699766,0.0
86.78120014285412,98.80330105373856,0.0
81.20981135783018,130.75260872625265,0.0
34.910363742925014,190.98040302990375,1.0
82.56633716556678,108.03650150915021,0.0
78.89515200233389,115.88578404420609,0.0
72.24668284466934,113.21357215450273,0.0
76.34816684141431,104.42508214992166,0.0
81.01731817933612,106.00363814385398,0.0
73.94491900118771,108.52397413701331,0.0
83.12059908526078,97.90305257158893,0.0
76.13105400448214,111.22670315994796,0.0
78.65555654722584,111.94384301577335,0.0
76.50137246003708,107.90976742713974,0.0
85.7141140725751,112.01099046714967,0.0
84.49799937716625,119.19076482987768,0.0
76.54045965059377,109.70737186315021,0.0
78.18193893893073,117.09451817139039,0.0
86.53571377141213,123.75706813311619,0.0
81.70575987408321,109.37406872100478,0.0
79.72226150551691,117.34877786049817,0.0
76.68688120527077,107.73515901150168,0.0
72.42576387657067,100.31655545136366,0.0
77.19909479901516,119.92042349536523,0.0
39.2423571346454,146.7603564440678,1.0
82.86291390678079,102.55097355193551,0.0
46.15771149771142,127.84677945763883,1.0
79.58924410803715,104.04338705956508,0.0
81.63066511121059,99.99668675394426,0.0
87.39972069445012,135.58199285668252,0.0
81.48492336616593,101.53038651681672,0.0
81.44584321953909,122.65707840864701,0.0
40.002070649181974,127.98192043046969,1.0
83.1620386952776,103.77350638265548,0.0
81.71362673188852,88.64325786021304,0.0
82.31051737131635,111.41716913639905,0.0
81.16024968678818,95.15102031550097,0.0
75.92094857517282,112.81191423969376,0.0
81.17807279054283,93.8486818409449,0.0
66.90127447955128,119.9626681944714,0.0
70.23956100238749,96.68767046442221,0.0
85.8158187607748,99.07687235327421,0.0
85.15499761247976,104.4969484615458,0.0
81.46536236649341,126.4201516013637,0.0
80.1050192081638,96.8816376764984,0.0
42.13293707372939,192.85345906511927,1.0
74.61127611035347,108.52997998371511,0.0
72.38406547608113,100.80615408413577,0.0
85.58647915794064,123.74438093170818,0.0
70.43359877671101,103.10812181910433,0.0
80.92418061847437,119.52874547202939,0.0
83.87317026714669,109.44230922342294,0.0
78.84532734895662,121.87386051564751,0.0
87.96593313319698,128.73297776217547,0.0
77.41977635891313,109.39339186185379,0.0
75.80139078909612,116.7792587133927,0.0
85.4039036277731,95.42448500535069,0.0
82.46225632004075,99.72324859074041,0.0
82.60970782808448,125.94505063224972,0.0
81.62041984697397,103.7443729849047,0.0
74.68848143136948,126.13711269058646,0.0
82.91964092662982,101.90396480078354,0.0
86.39225931303649,113.69642192198094,0.0
85.74636663142837,107.53937511870052,0.0
75.10813611192484,106.50683203881802,0.0
89.41012248237517,119.19228934575203,0.0
85.44475298483682,108.70179300266574,0.0
75.0519758987071,105.52678104341248,0.0
77.82751886283842,91.96860323744055,0.0
77.3456561353984,126.15582823548232,0.0
82.64902088957642,126.6125921454787,0.0
76.59474171262559,80.5961136533572,0.0
88.34510762644696,124.12220555415429,0.0
85.89720060360644,106.34678448687892,0.0
81.42932695362452,120.32546204341658,0.0
79.83652625952953,121.73473857485325,0.0
82.52493639490228,104.18319086051356,0.0
77.37739866860113,100.96298139269872,0.0
77.34749426194736,98.04116937964815,0.0
77.23175347326409,122.89752754082745,0.0
75.52696348890248,118.95038314076115,0.0
81.35789418597686,108.3986720443336,0.0
81.55453782799002,98.2988697394064,0.0
84.86277224813365,111.94607455237242,0.0
74.35474114391386,109.75804393609084,0.0
81.83299123048424,104.71383318250243,0.0
88.76135221711812,125.21316051922452,0.0
48.74389180712728,153.64569806487532,1.0
82.93428546900135,126.33431532301096,0.0
72.84612448940976,121.33770096867065,0.0
73.32327820644949,109.16894427371305,0.0
71.48708197881079,106.96820217165724,0.0
89.38085419607943,125.61511196726853,0.0
41.52354872033722,164.87906395817,1.0
83.57000247046047,119.40771187988216,0.0
87.2557180389752,96.28098857068643,0.0
79.67124869463507,129.58347454220595,0.0
83.27182828177028,107.08188731084456,0.0
84.38681145287836,115.16178287114958,0.0
31.807421402785025,147.67277183921044,1.0
81.39510762885169,104.57326200265979,0.0
80.09216966532696,104.64036554885952,0.0
80.56758672625624,111.33540904782282,0.0
46.01206748929115,152.85109154379145,1.0
71.96258382719387,108.49944412967473,0.0
77.56437308117651,105.46771950672725,0.0
17.03819046862762,187.4569694935306,1.0
80.4853877467402,109.28398740585936,0.0
86.77818929402476,102.00807993349747,0.0
74.24503211288848,110.380034781682,0.0
38.62628211600603,164.9300955686401,1.0
72.60706877110078,102.65408423201951,0.0
80.12255087129472,108.27053940076577,0.0
75.17538269709948,130.56207129940321,0.0
74.87806179332856,100.79326406920634,0.0
54.524675344707454,171.77106539541438,1.0
71.44915803671687,107.40453322416083,0.0
80.43523534119086,94.4341810134025,0.0
53.60658595838651,159.6147924053121,1.0
72.40315017022994,122.27668992473292,0.0
81.88650246522425,102.71997058770866,0.0
69.79132565787855,117.54291329813574,0.0
84.65640059558099,103.28376632061949,0.0
76.13587392731215,103.26509375756132,0.0
85.45753425961232,115.4673356820138,0.0
78.5567068053993,113.91804005402547,0.0
76.04762772277344,111.13270410537764,0.0
78.82923312638331,116.9822331361359,0.0
42.62561329001925,185.63287590007536,1.0
85.79297789503703,96.10427533236404,0.0
77.80134470862913,111.4679301198555,0.0
76.77440122697438,113.46503881730716,0.0
71.20630256788442,107.2318670011108,0.0
81.66831052643474,119.03934841086195,0.0
84.8168806462216,120.2257043200964,0.0
86.33455574593312,126.72572386837703,0.0
81.87849009172837,111.20031326718261,0.0
87.64775159730307,101.53643345009127,0.0
68.49039417632207,103.90217095680617,0.0
73.55019550129472,130.62524919243145,0.0
79.42730077373692,122.00413907944426,0.0
34.91859802352689,131.52085695099709,1.0
76.99891561420603,113.93317839394372,0.0
83.7312678301361,98.73232531090194,0.0
79.62777042116916,129.14031353866787,0.0
87.51996494291345,104.95225078771783,0.0
71.6923996886552,92.31560634437149,0.0
88.38218656137641,97.45710576830751,0.0
78.3698823391608,118.8404539636105,0.0
72.21685413238048,114.09818656928513,0.0
83.71632047011357,116.15367484013053,0.0
89.54708320235065,104.48814283671467,0.0
82.57219417029374,107.49166983544953,0.0
84.24801048510513,118.38490774451643,0.0
73.10340385992737,106.91965715814258,0.0
81.66157005989795,103.56481769619857,0.0
76.43577108661418,122.96994546561109,0.0
81.04191403973776,118.00409525227683,0.0
87.26767038578659,109.0166037320525,0.0
79.30867849414408,119.24633682912769,0.0
82.46658950440445,108.62551485372308,0.0
75.91532164506381,107.0451968197084,0.0
83.45071995855557,121.96571501664491,0.0
83.14814420961807,113.21697806196013,0.0
78.38969241897162,97.72392184863007,0.0
51.210306673244716,189.79726877204163,1.0
70.66367403704126,113.09820710227028,0.0
78.36168926701116,110.519458858073,0.0
86.64576265066216,112.85554074857657,0.0
79.04830660958196,122.08366230593143,0.0
80.5711382433102,113.31980330569014,0.0
78.93276424144076,107.75234598107316,0.0
80.73356843216662,125.98647170504717,0.0
48.17889658025029,169.75744569742147,1.0
77.18856235379513,111.97910783462648,0.0
80.53215113845948,109.77131937701118,0.0
88.16205651965818,108.88773938651299,0.0
72.42404468900725,108.65982833327082,0.0
74.44712077267086,122.17158520825497,0.0
75.51372814257084,122.18761851697317,0.0
80.29609217007244,107.0459858986097,0.0
79.81182648787576,104.64671814046078,0.0
78.2035395460647,114.2406104446409,0.0
74.01896687959665,92.60286221221901,0.0
81.8860593753226,107.13995778119889,0.0
76.86516471106117,111.23204806784486,0.0
50.6020990749888,152.91918578117952,1.0
78.7371592430342,111.69360824036077,0.0
77.38569986423366,124.10932379746271,0.0
80.13045525105417,121.6187830260819,0.0
69.38052137845096,131.57308213265503,0.0
87.88726639881737,115.00844474944456,0.0
78.49448152205356,109.61491530499293,0.0
72.42127942501384,118.10808273159782,0.0
82.85445255346583,97.56136764608715,0.0
82.57523843153024,95.97394728200307,0.0
79.28810257489353,125.01333651955487,0.0
95.3944040422762,101.125078221979,0.0
80.9338338223854,119.7519762978243,0.0
77.73846840375461,121.24112719986013,0.0
83.07083350021712,126.69904504351406,0.0
82.02490855480478,94.44104353796372,0.0
81.78893680174141,111.25224502647907,0.0
89.06224278998465,115.51485376040468,0.0
87.75575987761262,110.57013124897084,0.0
82.52023257758923,136.01683114180395,0.0
69.63304883795925,106.33175588185313,0.0
80.48060388470492,102.91593233089537,0.0
74.04348251398676,119.81765486991594,0.0
72.96268112811723,119.34319911239274,0.0
77.00312488523113,115.36652752527286,0.0
34.759116020654076,163.46683328740818,1.0
41.551906838589794,127.13622377691665,1.0
75.40674026757901,112.33216131263502,0.0
72.75957829251338,84.46078865098045,0.0
85.33337344794577,105.63614109473431,0.0
89.43092950605265,116.12773905062569,0.0
75.4530627260263,121.8703030556038,0.0
71.5376768514259,114.84732817294474,0.0
72.08048588257138,102.27122332176391,0.0
84.8777256356118,106.29385667913894,0.0
44.76357769356219,173.4572247193364,1.0
89.82362566458195,108.61544016016227,0.0
78.79381971071835,92.26967531793119,0.0
31.829113689318092,172.76783851216766,1.0
75.22229779699788,106.27166847908234,0.0
74.08370743667112,113.07406697809101,0.0
75.71421221791859,123.920022863446,0.0
79.83436513563102,123.10308746119608,0.0
85.29212243424794,107.78746376414227,0.0
75.90889658383264,109.29501221940909,0.0
89.15729382927177,111.36535331082737,0.0
85.36815874929886,90.20700189624212,0.0
75.38917337911187,123.74876419148185,0.0
58.005111815108535,136.3837436938231,1.0
81.5390088444603,115.13105798176083,0.0
83.11424966173749,102.43204911430539,0.0
79.66960100676341,113.23167714184781,0.0
80.37902279096863,107.86557129069791,0.0
73.24157697191833,116.77875319530908,0.0
82.58829510234561,100.72646865809426,0.0
79.61449145292949,111.04201103951875,0.0
81.71809144784231,124.76540349725896,0.0
80.98260584850735,115.21122428379338,0.0
48.50897962167972,137.77084086125936,1.0
80.40937069693162,131.45149127773388,0.0
78.65062532353315,116.19154261005198,0.0
77.53499532670584,134.9299951743279,0.0
75.86384528223839,111.83359919779156,0.0
77.18766612052866,126.95051040430752,0.0
76.76713557878736,95.81634267066968,0.0
88.32737222231289,119.50307591973575,0.0
86.7271002307749,103.31855914461006,0.0
80.14372411467409,121.73124637586642,0.0
87.7496720250877,119.64087168288357,0.0
71.93642064405174,114.13799097451498,0.0
83.24354943794822,106.29988970117873,0.0
81.2986125086074,105.11150578213726,0.0
87.20058607724737,110.8958068125525,0.0
83.90911435888655,110.15579047581467,0.0
81.08229294790988,96.30197020420923,0.0
75.80391238388681,109.74445929008554,0.0
78.54153125103362,99.77207434801595,0.0
74.20817655403728,115.13085420097293,0.0
87.89786072865357,99.09600922557154,0.0
73.52460613968192,99.32467085745728,0.0
77.89906591452072,109.01411867715738,0.0
88.14307772785646,107.51308873816453,0.0
83.77695612912878,108.78252491616716,0.0
75.00822979630604,111.08559705776523,0.0
78.70204324318198,109.20358608754285,0.0
80.98277388255788,118.96839315865532,0.0
39.74425687808006,135.21785848692198,1.0
80.22785919951907,109.11717951648745,0.0
90.05102269383175,105.89185712045415,0.0
87.51178526048014,108.32878286213588,0.0
82.0085586104947,100.26931059118445,0.0
40.88657590961437,153.6030495349031,1.0
76.16101217447935,112.87124165201824,0.0
43.2674476460232,128.03751296232505,1.0
79.52352233806523,91.9894226584726,0.0
80.48497982496359,110.56649924897107,0.0
69.80937732411073,110.66990717224871,0.0
83.75966516343387,120.50654396007612,0.0
38.60553724319001,200.4721243845928,1.0
76.42824290986816,120.09817089342634,0.0
72.75993049791877,105.34689543219946,0.0
70.55229634527234,106.11481546911114,0.0
80.92316929266153,111.25576453471542,0.0
75.95850857322424,128.26009713546935,0.0
77.11554065238425,81.2773778671835,0.0
82.8529933429658,100.4056076327652,0.0
79.82644115147379,134.03415585238275,0.0
85.94196636724043,101.94129933503811,0.0
91.35346428902199,110.61679849847971,0.0
80.54697397302446,112.98752908365687,0.0
90.61078098506317,90.06264357428545,0.0
73.69558022832477,113.30880232214457,0.0
83.56499215086194,121.87679388461564,0.0
27.792875740858413,190.66867402592652,1.0
46.35418030209226,108.75332682409379,1.0
79.07170511668092,81.51457379369924,0.0
76.0373963078365,106.20872259012513,0.0
87.75250246407039,98.56273792679337,0.0
79.51643444064804,108.79618836046401,0.0
78.28642741736616,130.88374704780728,0.0
77.1209087967766,114.4460266822014,0.0
81.27210421650607,101.73119645960139,0.0
76.37128093423267,112.38368982734785,0.0
79.0656417791932,105.1693894831656,0.0
79.89549203017926,115.36509843570404,0.0
78.75481980221811,116.4828043384386,0.0
76.94241098504025,111.89581616598744,0.0
77.79977756651508,102.64470057410233,0.0
81.80697802754207,109.53079421120816,0.0
80.23218274078074,114.47716925810278,0.0
35.90717561886896,161.01775403712037,1.0
77.46528412314436,121.90646274786342,0.0
80.66484837073438,99.27256974260193,0.0
78.12589596225202,112.0115965587284,0.0
83.2510058897933,112.69126941245108,0.0
79.79921024677829,108.0509171964732,0.0
79.34928472816158,108.13028697014553,0.0
79.11526386252976,98.94295331514064,0.0
78.59449853557022,120.70150238316427,0.0
85.28561113109458,94.2360784301575,0.0
75.71958087045566,110.86143883046375,0.0
33.24821725025618,167.52819052195034,1.0
69.8038391111995,118.15737212539297,0.0
43.004743596108284,169.24345332163887,1.0
92.63466212936811,119.64851633097457,0.0
85.71877021603464,101.89747562985619,0.0
78.32749382079525,97.76059733237743,0.0
72.14887640054772,96.79977488779295,0.0
31.328697842890996,193.22940331456036,1.0
83.58771127897981,104.16922561431062,0.0
84.6201350960345,115.13907849658915,0.0
82.4468728061396,113.24359281721603,0.0
74.37255476350812,109.22162802987198,0.0
77.28287614433117,103.92178012905568,0.0
84.85785475477178,101.60790332660994,0.0
83.1417275463214,115.99928729996205,0.0
80.86590462925591,94.0700626646833,0.0
86.2787806278676,94.18809297967867,0.0
88.77397090992183,128.99881934895217,0.0
83.3483627441502,103.4864310620817,0.0
71.86228781058419,128.8458630593461,0.0
76.93605654757806,123.04340242878152,0.0
83.54178223649677,114.67693171765433,0.0
79.72207664544773,94.36809191303342,0.0
80.64610590987614,141.93107567844862,0.0
87.69018283232984,114.77040827223121,0.0
81.73224104748488,88.46609886396286,0.0
76.22308533823339,115.01094169939846,0.0
40.005279588565976,156.1992192999701,1.0
35.498107351485885,160.13599689119997,1.0
73.81524644560959,99.03724913104799,0.0
79.55132152856386,115.55604466003449,0.0
83.19296229388686,111.40886246911204,0.0
87.23488942176867,126.12220628255425,0.0
77.68291153593769,123.17394065634326,0.0
76.74199826197092,135.7970933765432,0.0
79.03819517609439,111.50418905143576,0.0
75.62190873307621,120.24062525811462,0.0
76.25756731721724,119.27840128081237,0.0
90.71972044662662,101.9632543203027,0.0
85.0314640460722,98.30083164289712,0.0
76.36431412087566,103.88230909094715,0.0
81.57123666297637,105.16114165945679,0.0
76.21824627357849,112.24684725751887,0.0
80.88850500466627,95.93682536328166,0.0
77.62527344419522,110.34083468259226,0.0
74.59471729795868,112.1319662823769,0.0
72.60739004816287,108.2737270005918,0.0
73.25907288947144,117.38810480887503,0.0
82.48999145622724,127.11708480142343,0.0
76.69106767615806,115.68983079185276,0.0
90.66516687328134,102.14010539492051,0.0
79.46484820022721,117.53341621104532,0.0
78.79837300920933,105.35382702701607,0.0
48.294748419317486,174.8164869084025,1.0
78.06149220032007,93.37508011964326,0.0
79.43835975154585,104.19476550195277,0.0
84.57701058851038,120.30283454031843,0.0
86.84315778766174,90.33643410623998,0.0
75.36534764210958,115.58326912521723,0.0
73.6021151663215,108.31178276809989,0.0
66.51556678529214,108.12855734995452,0.0
82.8853606359027,100.01614560811709,0.0
88.9793883654776,92.51468026761819,0.0
78.8293152152541,113.9348538542175,0.0
76.73688010348805,111.94736194718774,0.0
80.64052207455394,115.93556722280861,0.0
73.61625712089845,116.71340076450466,0.0
79.20996050710505,103.56450167682539,0.0
87.66369456501289,115.79291499601088,0.0
80.06500945938953,93.07043185804615,0.0
78.98477306978504,113.01791899819466,0.0
84.75211919093024,110.32004149065767,0.0
77.14626853125262,103.29379790923355,0.0
78.9115939838639,109.74973041254856,0.0
90.8162736165273,111.42943094763707,0.0
78.07458859791842,113.95803533437409,0.0
81.11942012139566,121.48445709196756,0.0
77.8655946502629,120.29960817581161,0.0
80.99529847786735,133.19329539981695,0.0
76.7408194609892,105.33963498131757,0.0
85.49388425993595,118.17766299200287,0.0
88.48228184145019,100.25470695329358,0.0
79.55439980243605,97.03168052044154,0.0
85.26576426666452,102.48030668261181,0.0
81.92658689864419,114.40474737960399,0.0
84.91345491972757,99.32197078420808,0.0
85.22080438534536,104.07535740847106,0.0
83.7364680256163,108.25040243304592,0.0
77.3487119081378,115.65509645631545,0.0
79.4263177926655,107.96419639897638,0.0
87.32824384460777,115.228354880355,0.0
79.83623364892001,88.78145100991405,0.0
35.23779126455341,152.49607239352127,1.0
76.20433669223151,117.42095372009307,0.0
83.95515973521523,121.05525932957984,0.0
83.23844269050346,110.59630369920174,0.0
52.36130721806218,158.48097952714954,1.0
82.5751763360433,102.98008312193245,0.0
32.30857650212702,160.81838350791443,1.0
81.63463686882082,112.9355793216663,0.0
75.40287882883098,107.55843364709351,0.0
77.57882963566874,97.90358981308795,0.0
83.256956256529,118.94924376944441,0.0
73.11165316021454,110.48860070325705,0.0
89.23318498023833,116.21571889856051,0.0
84.06758608684835,115.97400069849859,0.0
79.74880945275432,108.06340540720282,0.0
74.46832512996986,121.48765700372104,0.0
75.47841687447796,98.80382566710989,0.0
84.84322495266444,109.62777763490159,0.0
84.87559866708875,111.48667457202112,0.0
73.77672648344291,126.2467845846956,0.0
84.58930973527389,118.33528961608924,0.0
76.11091656204562,106.7767953078866,0.0
79.63585543671563,107.75366850002976,0.0
87.0139715546805,116.38730222029184,0.0
79.45619925771571,111.19580368414154,0.0
72.96669451575889,120.01046092567141,0.0
73.47765249747573,113.99687951752642,0.0
28.611668822192307,132.7365199081438,1.0
74.95956844541298,115.159392177041,0.0
81.85572936685655,117.6608027838469,0.0
78.63638215126164,114.28307097207649,0.0
82.35707778193202,107.49953485401048,0.0
80.95549534009952,108.92697855995772,0.0
83.40945744813156,109.73594243041073,0.0
92.8667990162493,113.38483843461691,0.0
84.40819878474726,122.62584103427182,0.0
40.599326302663286,208.2523084322583,1.0
84.3480296005283,103.54035820875464,0.0
81.28014867156938,99.46317580853646,0.0
77.48972887823695,94.97029671604847,0.0
84.15167908272123,101.7240977935128,0.0
81.62083176244221,103.90487797840717,0.0
72.9576935181822,121.09699841956223,0.0
79.62783285449977,105.7069777548274,0.0
75.09245674476024,122.13097699979184,0.0
76.9800740664209,122.26933223884308,0.0
34.17241342388418,139.69811616344262,1.0
73.00716213090429,101.81801116577692,0.0
83.05185132716733,102.44254840507155,0.0
89.38397906279033,100.46671391741287,0.0
80.6100490732268,117.42127491071892,0.0
74.89383591434644,112.53739661494573,0.0
83.40750348686312,102.03974143196511,0.0
75.1265916488634,85.00594285126427,0.0
84.06754818000319,115.57810306351863,0.0
77.60412881077355,117.71698710648344,0.0
85.41525621587638,111.22297503032284,0.0
76.53545202369673,109.01110346808858,0.0
84.06431059419481,112.67392314071903,0.0
30.264538002955312,160.3923331538798,1.0
77.99389764057082,108.4147042697303,0.0
81.67228394993512,121.26705136827583,0.0
73.59847800664552,113.08050539504103,0.0
81.0957516383197,132.31300146192632,0.0
77.76783192724736,108.3185618141521,0.0
78.461108825235,127.32514999485092,0.0
80.41141994637712,107.88869761172306,0.0
76.81306436346742,98.0636316824352,0.0
73.35906975550785,112.24451818559972,0.0
80.38684153823809,104.35752401342612,0.0
89.00470216455408,108.48726716346488,0.0
34.494631505084165,115.76276177340986,1.0
83.69233289997705,126.83927691457869,0.0
84.36160318360339,103.30927261340084,0.0
77.22261440419872,127.75310892609512,0.0
81.219003568856,120.85786324939347,0.0
72.9624415264109,126.15375689469442,0.0
84.36228664140073,106.08351432578209,0.0
49.26215402241593,169.3271674889267,1.0
72.48428523440947,114.52371796249734,0.0
48.25098264667635,156.48291191135857,1.0
83.92900079325416,100.28343265458714,0.0
80.60147815855949,106.77320161157864,0.0
75.04731837434656,113.02635465239034,0.0
75.88889802216784,111.60573981049865,0.0
77.03803037880566,116.96387447456715,0.0
77.34501522499092,114.27194361871685,0.0
83.05838144420434,112.60673765823907,0.0
76.13495108072267,101.15197285973099,0.0
80.06964645956474,111.68460976269614,0.0
76.10847637298843,128.38183676795123,0.0
84.13591624518011,107.19324923133226,0.0
48.071225966373106,168.76951477619454,1.0
83.62883311949346,102.48208949904816,0.0
76.40077895802645,118.83659937486672,0.0
69.87428706671196,126.77700814076441,0.0
36.72105283487082,157.93490479701904,1.0
40.012054753622245,141.98758530704262,1.0
77.7690828339261,109.81291243554102,0.0
87.38947022370758,106.78364948782617,0.0
21.063853330462145,136.21176214265344,1.0
35.467515909769865,151.41511159402677,1.0
87.89606407753696,118.95193220027733,0.0
85.01766448946012,121.6082678737852,0.0
75.85502494538964,103.31909546356951,0.0
77.43066541331653,122.38283071433636,0.0
73.81092250586576,119.56702316794585,0.0
77.27808637737408,127.27543170100711,0.0
77.27540456595526,88.27330453985964,0.0
87.48022155744592,107.47646497873713,0.0
78.76411308739702,121.88913371474644,0.0
83.0300497567282,107.58742345381458,0.0
77.26570529379804,108.81931473008922,0.0
78.93005577887246,107.9188314272746,0.0
80.45880388267751,125.00759790634311,0.0
73.76108409017576,95.8628550309502,0.0
79.75268145173783,108.71462488561069,0.0
77.60625689168262,115.08725023229934,0.0
41.93589911367545,171.1538212145025,1.0
78.76240682224248,109.62963202951588,0.0
72.32942914632189,114.55887772081607,0.0
76.4616526719061,114.19019009366045,0.0
75.68004615160092,119.5530520857051,0.0
79.64917144270676,113.19174510419181,0.0
75.83822213447885,123.92465300064329,0.0
85.97523314462421,130.74082669749973,0.0
67.88060336685521,119.47526462122858,0.0
81.24691841855378,116.38051101440757,0.0
87.37678108474776,91.98019562419981,0.0
79.36041204259617,117.22381357827771,0.0
80.13442919497265,114.31922544673941,0.0
79.80222423071673,106.80946064333382,0.0
82.36796215317591,114.5353430151398,0.0
82.7354869058502,120.85895565831578,0.0
86.38838410949255,131.65002344901083,0.0
23.92440135631026,149.11771995771613,1.0
79.98198730454716,119.53125045376086,0.0
77.44991800572626,99.90269295290062,0.0
88.85400317817755,108.24114187567663,0.0
80.8728890641592,99.46584436826343,0.0
73.39771693457863,95.59949117405705,0.0
41.83849544753695,170.9423823035042,1.0
72.93848149332354,114.24165946401916,0.0
83.39798874467338,132.10523001591352,0.0
29.281427669598443,160.38295554831504,1.0
75.25300555584029,115.11202599524981,0.0
77.57318226085448,101.64652946740243,0.0
81.78507742982524,110.81829358547564,0.0
71.48308780322422,114.90974951638252,0.0
43.92415967178767,162.03712590523975,1.0
72.57219813481514,101.08807774584713,0.0
82.06390463468249,134.39752406339272,0.0
81.24110293150169,116.93105607263143,0.0
71.72571664067115,105.96351536758003,0.0
84.44815397811719,102.8084668075758,0.0
82.56892975456104,103.37099082449052,0.0
77.64480847190839,119.49554135441323,0.0
81.30527636089944,90.01799315467892,0.0
81.70877987888579,123.01741289398798,0.0
83.16390933053142,99.84178181021603,0.0
85.26901026017451,115.43298029036387,0.0
83.55479984101746,112.83287871546142,0.0
80.9792262754884,107.76534017628148,0.0
83.22687974792574,99.55190805978967,0.0
83.78753855023652,113.9467152982298,0.0
77.23888477859515,112.88693629279857,0.0
81.78556285755873,106.50742295681572,0.0
79.91788551963624,93.1656180777905,0.0
84.16961077274452,106.90790922950137,0.0
74.37678954081065,115.5623000940066,0.0
74.96991309250149,110.6447441481012,0.0
78.24243257979346,104.70947322653706,0.0
75.11222377600724,116.30811684554777,0.0
25.56145183866458,156.39216636475183,1.0
74.93584439832789,103.48581996385552,0.0
77.20539076364206,84.69712477253671,0.0
66.74515095803494,118.40620026504553,0.0
78.90449735595568,96.43418195376594,0.0
78.81590696629996,112.78994162223802,0.0
82.45959585753253,103.22284630247894,0.0
81.03843843581555,111.15026079147417,0.0
82.59673257120586,109.84690150827005,0.0
81.99568057176036,118.47421677150422,0.0
78.39307079173503,106.97530313511872,0.0
76.99680655040598,116.13517972730416,0.0
15.61182841723571,143.78284977579324,1.0
83.50154939704495,123.14914453584048,0.0
81.11893975819449,107.90778126255472,0.0
87.10252123994927,120.00582318042979,0.0
38.96778247067504,182.80298077042534,1.0
83.53875967727738,110.43602446372454,0.0
70.9755894966774,120.88748619704185,0.0
78.42365377679828,107.05050321707972,0.0
80.35783118609696,99.27860988014393,0.0
84.20321774494361,116.55900776529761,0.0
83.07967803472133,96.54020319753252,0.0
35.08363814367953,174.3637145141587,1.0
88.97278931758893,123.95683810789956,0.0
81.40495933867517,98.96633393826127,0.0
77.41355774949814,108.68743032907695,0.0
84.6783919657373,119.9831089814796,0.0
81.97226071189148,124.92688568959522,0.0
74.70393239055524,110.21271576736062,0.0
75.58071281899433,109.80362201073319,0.0
83.0394825485827,102.12216248091761,0.0
75.45987962239394,106.7965269180568,0.0
86.03254483254179,115.6091944794124,0.0
71.18479922318633,123.80091354147451,0.0
78.44866621703272,106.94775295645333,0.0
79.93251387631032,113.9922312260528,0.0
81.65631715701782,115.43600154594432,0.0
74.15660981190234,109.42381202966415,0.0
81.80818012523817,105.32298798688109,0.0
70.64604039487072,94.37454143113457,0.0
82.5045859381219,125.13449743242131,0.0
81.48060138532288,110.7863519031609,0.0
72.02786170602816,99.53089017318061,0.0
73.84567841783023,117.01172742310898,0.0
77.14410505108602,108.36933036056236,0.0
79.93876613576543,125.30750832343698,0.0
86.00606961081972,117.36843897092433,0.0
90.95227812904989,98.53654606981311,0.0
77.67135123214871,111.975996046924,0.0
80.30115104970513,118.70067730688754,0.0
72.9907446860386,98.56995087269516,0.0
81.0698995536711,101.494795457907,0.0
73.08600134517832,115.92526949201184,0.0
99.26365745327361,127.4957674318694,0.0
78.67671583381022,100.11408892849083,0.0
85.18769972128949,86.37067564458161,0.0
83.05292872641911,117.60055963689602,0.0
77.44392161784407,120.80048065714648,0.0
79.68660451363414,113.08833012598964,0.0
90.76591228755778,124.71170327493608,0.0
74.64957616836924,106.30389663956366,0.0
80.49666152714613,99.75813175670795,0.0
77.5528027874089,97.65651128120078,0.0
82.20007225026666,136.44343347017036,0.0
76.16326218555976,107.90676322848134,0.0
75.462181689792,91.33463382926939,0.0
81.25246425172938,100.08607650543692,0.0
83.43025729999219,98.96791634278317,0.0
85.94508265553776,119.19154173610002,0.0
78.0394592343392,117.3264007721558,0.0
79.27819794038028,121.39878561129045,0.0
77.3511989811648,107.40957854179297,0.0
74.82378838790314,113.81158384882778,0.0
81.68801331037601,107.73521108098473,0.0
77.61171276617442,80.78649516505394,0.0
85.5165094100826,109.0946671769584,0.0
80.99042380383928,99.9345743472036,0.0
71.96776839871214,127.26963851233405,0.0
84.26216667398111,126.28396623128538,0.0
76.18370421728741,106.27793223928947,0.0
77.11548172168798,102.46582129653817,0.0
79.2647130924893,106.62914028881961,0.0
46.59245668432405,153.4276304850203,1.0
75.07136976832228,112.40753179488568,0.0
81.07046872065102,103.98632356048786,0.0
82.06465727137812,106.11823181458772,0.0
89.48396491326974,115.6390912005236,0.0
36.96273971223335,164.61401811437366,1.0
81.73790852680835,118.08057798281145,0.0
75.70821109909393,126.12278257988646,0.0
77.38638489740481,113.50630099273559,0.0
78.14279567002104,100.77589815501497,0.0
80.65370288643045,122.36093175210438,0.0
84.69141902988,129.01190685753008,0.0
87.2188230203663,103.46233661351181,0.0
78.50496324767066,105.71884839034088,0.0
74.59225998192802,92.39191188019224,0.0
85.89648592031914,125.28468426412532,0.0
79.4217585880588,120.78680833431295,0.0
76.88429736787617,103.53772690156197,0.0
80.48838049274416,105.5671774880849,0.0
84.77571160250619,127.02214944635239,0.0
77.16851135198614,102.45724149980641,0.0
87.2078431032895,105.42903743413729,0.0
78.82706433312427,113.46488475897992,0.0
85.84647795222837,108.90390196074169,0.0
86.83437133722262,110.14688194729197,0.0
76.81130007874341,119.69457200526736,0.0
84.06262911197099,106.37559058596868,0.0
84.28199397161737,96.65974505081796,0.0
74.64553750969444,119.18316606002313,0.0
81.28775195361382,103.76231039304194,0.0
81.38345399665009,102.46035411133323,0.0
84.10951252187611,105.06243416838687,0.0
81.44887428448206,109.78632705651565,0.0
84.14702790591744,114.66429982433526,0.0
75.87251401603744,103.8659733645906,0.0
76.61803848970365,108.02661579692673,0.0
73.99851796472112,103.50722454933992,0.0
77.04214305582084,109.90881003355797,0.0
77.18137723598012,111.70416222375488,0.0
79.702373219691,110.76005391412411,0.0
77.923560430496,121.48637349428715,0.0
81.13729967302065,107.02436496640009,0.0
79.82086980445024,110.76821891060256,0.0
82.88278481527882,108.79051851392218,0.0
79.7614432192901,118.62393472382759,0.0
92.80042269134397,110.75433638901593,0.0
80.57837317146429,112.68592278863257,0.0
50.391117874202685,163.79412335220792,1.0
84.12708174494014,123.90207549017313,0.0
80.36658983594202,114.23599065593461,0.0
82.12728780892482,96.20381835211069,0.0
84.11030079997245,123.84272818510519,0.0
80.91671002869175,120.39904687396077,0.0
74.66189785308703,95.78189333258156,0.0
82.48357076505616,123.99355436586002,0.0
80.76862552972764,115.52489954417148,0.0
84.10241090598682,115.462842480037,0.0
78.75517925760464,106.35047270457115,0.0
72.68242525933941,109.19283419891417,0.0
81.90098925502981,94.95279625968998,0.0
75.9886136538919,108.60410371844826,0.0
73.77130610644006,113.19781934142537,0.0
81.64375554829843,112.38789159026514,0.0
86.91079495518764,109.11637040794665,0.0
88.43570817536282,94.74343685429905,0.0
78.90164056081244,106.5134786559214,0.0
77.6886235564748,94.86285607387173,0.0
84.35562351715846,85.75759739727059,0.0
77.30120159845319,113.6728731340134,0.0
77.76742523966489,111.0537550614596,0.0
46.70480617241213,168.51774412386072,1.0
77.22400236653401,97.70450405547584,0.0
77.89677338617321,81.03744621806311,0.0
81.21669724661346,109.48606276411513,0.0
74.93947812369916,106.65224667893459,0.0
76.59987639210755,103.61038252310497,0.0
70.4061439235048,108.09317599236654,0.0
80.37047390209888,112.825799504883,0.0
77.89507759589868,107.2887639895743,0.0
19.961376355932465,140.11301250782975,1.0
82.7989522396552,110.82439752934503,0.0
27.607416051465275,156.17944474799663,1.0
79.0800833182366,120.85982116175032,0.0
36.8392714397295,201.79077443389548,1.0
85.59787455717289,105.62541699676589,0.0
39.90699678861385,143.43005950439508,1.0
71.65297359439315,122.21033695525352,0.0
87.51699150883576,117.25095786847997,0.0
79.82505754751519,131.70942717497815,0.0
83.93542301871226,132.90942572590743,0.0
69.66278949980062,111.81021558703706,0.0
89.26139092254469,93.3141592612241,0.0
82.80392263184117,105.70594458874747,0.0
80.1415918806523,120.76007138598598,0.0
80.09209189594776,117.94264679621827,0.0
72.82068924410281,116.09138120907177,0.0
75.12063373511333,103.45924316872576,0.0
31.775800676177994,155.5359549073039,1.0
78.98903673783053,114.74698232879953,0.0
84.770008817466,102.81592734430802,0.0
78.87111849756732,104.26299996061421,0.0
82.81484618345286,109.96625542589048,0.0
80.24042473330691,125.43243528272188,0.0
80.4329489373645,108.99845923520047,0.0
33.8234810456565,143.29714196739954,1.0
89.23353662868017,112.80161158819607,0.0
77.69680614520107,116.52322878413419,0.0
90.94901466608836,103.94384460263136,0.0
82.69455021842329,130.06092888159122,0.0
77.0030367727799,105.12088591854297,0.0
78.88268607337075,100.10371863429663,0.0
75.31087480042439,110.40591691203882,0.0
83.55807439044445,123.28194141849058,0.0
9.804878441791747,160.44931785624092,1.0
75.69793317358024,115.13600106569717,0.0
83.29272136336415,99.09033569784802,0.0
85.24504612918444,114.89187130147664,0.0
74.35146572671191,127.72251596669744,0.0
80.58663691654391,101.01532018208962,0.0
87.2669223855885,114.41940649569409,0.0
81.22483285554361,114.3693816974635,0.0
83.22742090570537,98.06074993600944,0.0
78.77305941998564,115.94754341665286,0.0
75.38383376944547,82.96767707000762,0.0
80.33759240705055,115.07835756289624,0.0
81.3522841288992,98.58310885866496,0.0
70.20164938060113,95.3562511979018,0.0
81.91204873092025,110.92844901141115,0.0
85.15922269734317,107.31469352094167,0.0
81.21843605745956,110.03046020153414,0.0
78.1951691709046,115.86693801475275,0.0
77.3712248915962,103.94285076996661,0.0
77.11614334715834,109.17319314157301,0.0
85.677828200903,103.07094802204092,0.0
83.40976485647482,99.34886336924627,0.0
75.95753198553406,113.81935452231554,0.0
69.00597021689958,108.94051645695865,0.0
26.911796008808878,154.74218341583466,1.0
75.50792664325822,114.59972142939117,0.0
86.3577754749708,105.68379687281951,0.0
83.48103182406709,135.89563642018615,0.0
75.16511928435393,103.73282775410036,0.0
79.90743432003805,104.53755551747517,0.0
73.92905693606134,90.24533433646128,0.0
77.95962313489224,107.18672442881787,0.0
22.30924095110882,130.6494946849512,1.0
77.12181086881112,126.39964529371393,0.0
80.24260813972414,110.88406886291847,0.0
77.77248739299614,111.68654671966728,0.0
83.60836032021618,114.03730090336609,0.0
78.59107695569746,110.18849622944848,0.0
36.9203847036096,182.5086956882954,1.0
85.16232630275573,113.74056569847572,0.0
87.73752600665031,117.93488720552213,0.0
81.69248203747208,112.00569197230944,0.0
77.41194350481915,104.37831973421697,0.0
80.3490104249501,111.92049116490031,0.0
52.38946352939438,182.28643389337745,1.0
76.73335383713145,102.30026768941359,0.0
83.12833673882503,111.79894151153478,0.0
78.62474151424178,121.96631486645651,0.0
78.65296582777721,118.60473488359746,0.0
73.74230287904778,100.94267699137382,0.0
76.88650240089703,88.47109407047517,0.0
79.8265755630661,103.87562625359563,0.0
87.61514928204012,103.53063222294426,0.0
38.55481329284482,141.9589689128498,1.0
80.23699335658208,94.05296932733205,0.0
78.89517913085169,103.58518404777048,0.0
76.59007876001101,117.08303847201064,0.0
75.89658840824144,93.54601253043108,0.0
75.76603140965797,115.50052099024552,0.0
82.84883640116102,120.56056809066052,0.0
80.98430617934562,120.47098302612154,0.0
87.93008408072676,117.0810867668859,0.0
78.0734320156912,106.908835357975,0.0
81.12046240905208,109.72695460490068,0.0
73.59785323751859,116.72573701202731,0.0
79.16440959841573,107.41203937332898,0.0
38.52219681182528,154.6669534153117,1.0
74.99189995052542,113.51448207541583,0.0
87.20636644533057,120.9131012059427,0.0
85.54351790291454,109.85547729121721,0.0
81.1710736626826,113.61503525206102,0.0
88.22483856750642,102.1510168691776,0.0
76.74678715439086,108.29815377475072,0.0
75.69357899335868,111.84551303197037,0.0
76.49939592530413,112.39246864111149,0.0
77.8372090609019,101.96821049319655,0.0
92.22875989808414,108.19520086409375,0.0
79.86743062275391,112.17432873179723,0.0
85.83891030829903,101.2201741324344,0.0
91.57329283336755,98.12401580970487,0.0
79.37106539950176,122.81016361735112,0.0
46.22207144043402,200.48619246573705,1.0
77.40864890863176,130.7674798356084,0.0
76.3453498002904,117.7966053226934,0.0
82.14809109566293,91.24827530354256,0.0
80.34281487403014,114.21920754235285,0.0
80.17631775985865,97.75701763710634,0.0
77.74967264260378,119.96047685805816,0.0
79.2216138230396,107.96326249823034,0.0
26.541290765267853,134.7967046965484,1.0
54.227481360999406,155.31960281786039,1.0
80.29104359223,112.23914134064661,0.0
79.07548931778506,111.79581781939598,0.0
80.02621849859092,121.85704154662997,0.0
83.31065337260523,108.47530163619456,0.0
75.75077815267605,106.32972160916678,0.0
80.02556728321231,119.16327674702481,0.0
77.13168996559882,123.17115067339866,0.0
72.37237414537631,113.77100393902187,0.0
78.18580719780171,103.4999741917654,0.0
89.24478047472672,115.79633173213576,0.0
69.59035296058138,108.67366253617426,0.0
82.04126377857236,109.80580394112268,0.0
38.06173861227197,149.7357286705683,1.0
79.20030735018287,117.59155160302647,0.0
79.19357144166996,121.08182816737516,0.0
86.52739403577165,110.10352619843381,0.0
81.16126848580502,96.76910206592501,0.0
92.31621056242643,114.95681887972604,0.0
83.21361379933772,109.45105999383713,0.0
90.4619363784273,114.86501643826202,0.0
74.59468336200051,118.71297297457244,0.0
81.01461510425649,108.65691258529452,0.0
81.50773671166806,113.64961002466225,0.0
73.88936095554027,98.20960208840198,0.0
80.05116530509794,106.83591550305198,0.0
33.05286868910942,163.29521682473035,1.0
80.75150880730939,111.90499679779066,0.0
80.27862456144348,110.67855510527403,0.0
80.2349029688237,117.18953310665067,0.0
83.80207328072149,114.07052287124534,0.0
85.79055436750033,100.60664606181246,0.0
82.0671745161185,105.17256477817968,0.0
83.78494308322676,108.1710355889516,0.0
80.4982568254382,109.35861653407008,0.0
76.01552372264761,114.68774256075024,0.0
78.72511391289572,100.0069776770509,0.0
85.07185032509065,127.10613372581925,0.0
82.71280021792982,104.64764788439432,0.0
76.40777889373783,96.33121301584579,0.0
82.95327415346155,105.26160652929084,0.0
81.3998431315991,118.83109777147159,0.0
71.69519533242004,123.40450446023145,0.0
79.50412068110309,106.56807724502589,0.0
76.03563583868828,92.39237240844182,0.0
82.97578512718457,115.2969275435673,0.0
76.00851377730773,107.85078969711265,0.0
76.23131917821256,118.53415558780307,0.0
75.55242785187238,117.58928589786765,0.0
87.82321827907003,97.1700777581143,0.0
90.30373962440993,115.38296079049633,0.0
76.08373353831881,121.89470488924641,0.0
38.65720837813696,134.84844282170766,1.0
77.49121478207732,114.3004164719107,0.0
76.48973453061323,117.2762954363698,0.0
85.2682089830392,91.69367103143543,0.0
82.36618812286773,100.1751260646169,0.0
82.39489912873196,114.36559804157667,0.0
43.904648499288896,169.9644349699357,1.0
74.97929616623966,119.53136633913245,0.0
87.61562038634828,125.42109952567876,0.0
81.55625077271768,114.19532443907028,0.0
83.83717364576455,116.35171801681969,0.0
